{"p50_latency": 682.1129322052002, "p95_latency": 1179.2730450630183, "p99_latency": 1264.5495247840881, "throughput": 4.96457228350222}