{"p50_latency": 1376.1566877365112, "p95_latency": 1621.8417286872864, "p99_latency": 1629.7068238258362, "throughput": 4.964949570469474}