{"p50_latency": 353.2547950744629, "p95_latency": 1038.3624434471126, "p99_latency": 1149.407184123993, "throughput": 4.964240294897583}