{"p50_latency": 2054.5413494110107, "p95_latency": 2750.7846355438232, "p99_latency": 2782.4973583221436, "throughput": 1.4134605135423393}