{"p50_latency": 921.9257831573486, "p95_latency": 1377.6023149490354, "p99_latency": 1400.3919076919556, "throughput": 4.964619294327084}